,Loan_ID,Gender,Married,Dependents,Education,Self_Employed,ApplicantIncome,CoapplicantIncome,LoanAmount,Loan_Amount_Term,Credit_History,Property_Area,Loan_Status,Income,LogIncome
0,LP001002,0,0,0,1,0,5849,0.0,146.41216216216216,360.0,1.0,1,1,5849.0,8.674025985443025
1,LP001003,0,1,1,1,0,4583,1508.0,128.0,360.0,1.0,2,0,6091.0,8.714567550836485
2,LP001005,0,1,0,1,1,3000,0.0,66.0,360.0,1.0,1,1,3000.0,8.006367567650246
3,LP001006,0,1,0,0,0,2583,2358.0,120.0,360.0,1.0,1,1,4941.0,8.50532301884575
4,LP001008,0,0,0,1,0,6000,0.0,141.0,360.0,1.0,1,1,6000.0,8.699514748210191
5,LP001011,0,1,2,1,1,5417,4196.0,267.0,360.0,1.0,1,1,9613.0,9.170871628065816
6,LP001013,0,1,0,0,0,2333,1516.0,95.0,360.0,1.0,1,1,3849.0,8.255568653283746
7,LP001014,0,1,3,1,0,3036,2504.0,158.0,360.0,0.0,0,0,5540.0,8.61974977974133
8,LP001018,0,1,2,1,0,4006,1526.0,168.0,360.0,1.0,1,1,5532.0,8.61830469278465
9,LP001020,0,1,1,1,0,12841,10968.0,349.0,360.0,1.0,0,0,23809.0,10.077818939438902
10,LP001024,0,1,2,1,0,3200,700.0,70.0,360.0,1.0,1,1,3900.0,8.268731832117737
11,LP001027,0,1,2,1,0,2500,1840.0,109.0,360.0,1.0,1,1,4340.0,8.375629627094451
12,LP001028,0,1,2,1,0,3073,8106.0,200.0,360.0,1.0,1,1,11179.0,9.321792297270326
13,LP001029,0,0,0,1,0,1853,2840.0,114.0,360.0,1.0,2,0,4693.0,8.453827315794417
14,LP001030,0,1,2,1,0,1299,1086.0,17.0,120.0,1.0,1,1,2385.0,7.776954403322442
15,LP001032,0,0,0,1,0,4950,0.0,125.0,360.0,1.0,1,1,4950.0,8.507142855562735
16,LP001034,0,0,1,0,0,3596,0.0,100.0,240.0,1.0,1,1,3596.0,8.18757739559151
17,LP001036,1,0,0,1,0,3510,0.0,76.0,360.0,0.0,1,0,3510.0,8.163371316459912
18,LP001038,0,1,0,0,0,4887,0.0,133.0,360.0,1.0,2,0,4887.0,8.494333897270154
19,LP001041,0,1,0,1,0,2600,3500.0,115.0,360.0,1.0,1,1,6100.0,8.716044050161402
20,LP001043,0,1,0,0,0,7660,0.0,104.0,360.0,0.0,1,0,7660.0,8.943767262734637
21,LP001046,0,1,1,1,0,5955,5625.0,315.0,360.0,1.0,1,1,11580.0,9.357034751126987
22,LP001047,0,1,0,0,0,2600,1911.0,116.0,360.0,0.0,0,0,4511.0,8.414274137408396
23,LP001050,0,1,2,0,0,3365,1917.0,112.0,360.0,0.0,2,0,5282.0,8.572060092857077
24,LP001052,0,1,1,1,0,3717,2925.0,151.0,360.0,1.0,0,0,6642.0,8.801168401936692
25,LP001066,0,1,0,1,1,9560,0.0,191.0,360.0,1.0,0,1,9560.0,9.165343006045447
26,LP001068,0,1,0,1,0,2799,2253.0,122.0,360.0,1.0,0,1,5052.0,8.527539483470381
27,LP001073,0,1,2,0,0,4226,1040.0,110.0,360.0,1.0,1,1,5266.0,8.569026340056254
28,LP001086,0,0,0,0,0,1442,0.0,35.0,360.0,1.0,1,0,1442.0,7.273786317844895
29,LP001087,1,0,2,1,0,3750,2083.0,120.0,360.0,1.0,0,1,5833.0,8.671286726753637
30,LP001091,0,1,1,1,0,4166,3369.0,201.0,360.0,1.0,1,0,7535.0,8.927314111060596
31,LP001095,0,0,0,1,0,3167,0.0,74.0,360.0,1.0,1,0,3167.0,8.06054004653864
32,LP001097,0,0,1,1,1,4692,0.0,106.0,360.0,1.0,2,0,4692.0,8.453614209773367
33,LP001098,0,1,0,1,0,3500,1667.0,114.0,360.0,1.0,0,1,5167.0,8.550047528287184
34,LP001100,0,0,3,1,0,12500,3000.0,320.0,360.0,1.0,2,0,15500.0,9.648595302907339
35,LP001106,0,1,0,1,0,2275,2067.0,146.41216216216216,360.0,1.0,1,1,4342.0,8.376090350438238
36,LP001109,0,1,0,1,0,1828,1330.0,100.0,360.0,0.0,1,0,3158.0,8.057694194815587
37,LP001112,1,1,0,1,0,3667,1459.0,144.0,360.0,1.0,0,1,5126.0,8.542080906924017
38,LP001114,0,0,0,1,0,4166,7210.0,184.0,360.0,1.0,1,1,11376.0,9.339261152043022
39,LP001116,0,0,0,0,0,3748,1668.0,110.0,360.0,1.0,0,1,5416.0,8.59711281459211
40,LP001119,0,0,0,1,0,3600,0.0,80.0,360.0,1.0,1,0,3600.0,8.1886891244442
41,LP001120,0,0,0,1,0,1800,1213.0,47.0,360.0,1.0,1,1,3013.0,8.0106915391303
42,LP001123,0,1,0,1,0,2400,0.0,75.0,360.0,1.0,1,1,2400.0,7.783224016336037
43,LP001131,0,1,0,1,0,3941,2336.0,134.0,360.0,1.0,0,1,6277.0,8.744647438317532
44,LP001136,0,1,0,0,1,4695,0.0,96.0,360.0,1.0,1,1,4695.0,8.454253391642363
45,LP001137,1,0,0,1,0,3410,0.0,88.0,360.0,1.0,1,1,3410.0,8.134467570277563
46,LP001138,0,1,1,1,0,5649,0.0,44.0,360.0,1.0,1,1,5649.0,8.639233817325263
47,LP001144,0,1,0,1,0,5821,0.0,144.0,360.0,1.0,1,1,5821.0,8.669227347271736
48,LP001146,1,1,0,1,0,2645,3440.0,120.0,360.0,0.0,1,0,6085.0,8.713582005421628
49,LP001151,1,0,0,1,0,4000,2275.0,144.0,360.0,1.0,0,1,6275.0,8.744328763999984
50,LP001155,1,1,0,0,0,1928,1644.0,100.0,360.0,1.0,0,1,3572.0,8.18088094199639
51,LP001157,1,0,0,1,0,3086,0.0,120.0,360.0,1.0,0,1,3086.0,8.034631032923107
52,LP001164,1,0,0,1,0,4230,0.0,112.0,360.0,1.0,0,0,4230.0,8.349957272040324
53,LP001179,0,1,2,1,0,4616,0.0,134.0,360.0,1.0,1,0,4616.0,8.437283808187935
54,LP001186,1,1,1,1,1,11500,0.0,286.0,360.0,0.0,1,0,11500.0,9.350102314351341
55,LP001194,0,1,2,1,0,2708,1167.0,97.0,360.0,1.0,0,1,3875.0,8.262300941787448
56,LP001195,0,1,0,1,0,2132,1591.0,96.0,360.0,1.0,0,1,3723.0,8.222285073872717
57,LP001197,0,1,0,1,0,3366,2200.0,135.0,360.0,1.0,2,0,5566.0,8.624431942085836
58,LP001198,0,1,1,1,0,8080,2250.0,180.0,360.0,1.0,1,1,10330.0,9.242807562113684
59,LP001199,0,1,2,0,0,3357,2859.0,144.0,360.0,1.0,1,1,6216.0,8.734881892047483
60,LP001205,0,1,0,1,0,2500,3796.0,120.0,360.0,1.0,1,1,6296.0,8.74766979009724
61,LP001206,0,1,3,1,0,3029,0.0,99.0,360.0,1.0,1,1,3029.0,8.015987811027237
62,LP001207,0,1,0,0,1,2609,3449.0,165.0,180.0,0.0,2,0,6058.0,8.709134991587183
63,LP001213,0,1,1,1,0,4945,0.0,146.41216216216216,360.0,0.0,2,0,4945.0,8.506132244056813
64,LP001222,1,0,0,1,0,4166,0.0,116.0,360.0,0.0,0,0,4166.0,8.334711621820917
65,LP001225,0,1,0,1,0,5726,4595.0,258.0,360.0,1.0,0,0,10321.0,9.241935933565934
66,LP001228,0,0,0,0,0,3200,2254.0,126.0,180.0,0.0,1,0,5454.0,8.604104563405533
67,LP001233,0,1,1,1,0,10750,0.0,312.0,360.0,1.0,1,1,10750.0,9.28266103355581
68,LP001238,0,1,3,0,1,7100,0.0,125.0,60.0,1.0,1,1,7100.0,8.867850063029406
69,LP001241,1,0,0,1,0,4300,0.0,136.0,360.0,0.0,0,0,4300.0,8.366370301681654
70,LP001243,0,1,0,1,0,3208,3066.0,172.0,360.0,1.0,1,1,6274.0,8.744169388750624
71,LP001245,0,1,2,0,1,1875,1875.0,97.0,360.0,1.0,0,1,3750.0,8.229511118964457
72,LP001248,0,0,0,1,0,3500,0.0,81.0,300.0,1.0,0,1,3500.0,8.160518247477505
73,LP001250,0,1,3,0,0,4755,0.0,95.0,360.0,0.0,0,0,4755.0,8.46695197497949
74,LP001253,0,1,3,1,1,5266,1774.0,187.0,360.0,1.0,0,1,7040.0,8.859363449152088
75,LP001255,0,0,0,1,0,3750,0.0,113.0,480.0,1.0,1,0,3750.0,8.229511118964457
76,LP001256,0,0,0,1,0,3750,4750.0,176.0,360.0,1.0,1,0,8500.0,9.047821442478408
77,LP001259,0,1,1,1,1,1000,3022.0,110.0,360.0,1.0,1,0,4022.0,8.299534570332597
78,LP001263,0,1,3,1,0,3167,4000.0,180.0,300.0,0.0,0,0,7167.0,8.877242435993919
79,LP001264,0,1,3,0,1,3333,2166.0,130.0,360.0,1.0,0,1,5499.0,8.612321536507814
80,LP001265,1,0,0,1,0,3846,0.0,111.0,360.0,1.0,0,1,3846.0,8.254788926148725
81,LP001266,0,1,1,1,1,2395,0.0,146.41216216216216,360.0,1.0,0,1,2395.0,7.781138509845015
82,LP001267,1,1,2,1,0,1378,1881.0,167.0,360.0,1.0,1,0,3259.0,8.089175678837561
83,LP001273,0,1,0,1,0,6000,2250.0,265.0,360.0,1.0,0,0,8250.0,9.017968479328726
84,LP001275,0,1,1,1,0,3988,0.0,50.0,240.0,1.0,1,1,3988.0,8.291045131081729
85,LP001279,0,0,0,1,0,2366,2531.0,136.0,360.0,1.0,0,1,4897.0,8.496378051702317
86,LP001280,0,1,2,0,0,3333,2000.0,99.0,360.0,1.0,0,1,5333.0,8.581669210600602
87,LP001282,0,1,0,1,0,2500,2118.0,104.0,360.0,1.0,0,1,4618.0,8.43771698991444
88,LP001289,0,0,0,1,0,8566,0.0,210.0,360.0,1.0,1,1,8566.0,9.055556158175316
89,LP001310,0,1,0,1,0,5695,4167.0,175.0,360.0,1.0,0,1,9862.0,9.196444266784072
90,LP001316,0,1,0,1,0,2958,2900.0,131.0,360.0,1.0,0,1,5858.0,8.675563527387679
91,LP001318,0,1,2,1,0,6250,5654.0,188.0,180.0,1.0,0,1,11904.0,9.384629757072872
92,LP001319,0,1,2,0,0,3273,1820.0,81.0,360.0,1.0,1,1,5093.0,8.535622326884605
93,LP001322,0,0,0,1,0,4133,0.0,122.0,360.0,1.0,0,1,4133.0,8.326758814511733
94,LP001325,0,0,0,0,0,3620,0.0,25.0,120.0,1.0,0,1,3620.0,8.194229304819817
95,LP001326,0,0,0,1,0,6782,0.0,146.41216216216216,360.0,1.0,1,0,6782.0,8.822027322685583
96,LP001327,1,1,0,1,0,2484,2302.0,137.0,360.0,1.0,0,1,4786.0,8.47345026846832
97,LP001333,0,1,0,1,0,1977,997.0,50.0,360.0,1.0,0,1,2974.0,7.9976631270201
98,LP001334,0,1,0,0,0,4188,0.0,115.0,180.0,1.0,0,1,4188.0,8.339978571990427
99,LP001343,0,1,0,1,0,1759,3541.0,131.0,360.0,1.0,0,1,5300.0,8.575462099540212
100,LP001345,0,1,2,0,0,4288,3263.0,133.0,180.0,1.0,1,1,7551.0,8.929435283803425
101,LP001349,0,0,0,1,0,4843,3806.0,151.0,360.0,1.0,0,1,8649.0,9.065198986306513
102,LP001350,0,1,0,1,0,13650,0.0,146.41216216216216,360.0,1.0,1,1,13650.0,9.521494800613105
103,LP001356,0,1,0,1,0,4652,3583.0,146.41216216216216,360.0,1.0,0,1,8235.0,9.016148642611741
104,LP001357,0,1,0,1,0,3816,754.0,160.0,360.0,1.0,1,1,4570.0,8.42726848388825
105,LP001367,0,1,1,1,0,3052,1030.0,100.0,360.0,1.0,1,1,4082.0,8.31434234336979
106,LP001369,0,1,2,1,0,11417,1126.0,225.0,360.0,1.0,1,1,12543.0,9.436918020024674
107,LP001370,0,0,0,0,0,7333,0.0,120.0,360.0,1.0,2,0,7333.0,8.9001399880938
108,LP001379,0,1,2,1,0,3800,3600.0,216.0,360.0,0.0,1,0,7400.0,8.909235279192261
109,LP001384,0,1,3,0,0,2071,754.0,94.0,480.0,1.0,0,1,2825.0,7.946263643580541
110,LP001385,0,0,0,1,0,5316,0.0,136.0,360.0,1.0,1,1,5316.0,8.578476419833136
111,LP001387,1,1,0,1,0,2929,2333.0,139.0,360.0,1.0,0,1,5262.0,8.568266461600238
112,LP001391,0,1,0,0,0,3572,4114.0,152.0,360.0,0.0,2,0,7686.0,8.94715577112479
113,LP001392,1,0,1,1,1,7451,0.0,146.41216216216216,360.0,1.0,0,1,7451.0,8.916103530553727
114,LP001398,0,0,0,1,0,5050,0.0,118.0,360.0,1.0,0,1,5050.0,8.527143522269405
115,LP001401,0,1,1,1,0,14583,0.0,185.0,180.0,1.0,2,1,14583.0,9.587611745713565
116,LP001404,1,1,0,1,0,3167,2283.0,154.0,360.0,1.0,0,1,5450.0,8.60337088765729
117,LP001405,0,1,1,1,0,2214,1398.0,85.0,360.0,1.0,1,1,3612.0,8.192016914536875
118,LP001421,0,1,0,1,0,5568,2142.0,175.0,360.0,1.0,2,0,7710.0,8.950273466557375
119,LP001422,1,0,0,1,0,10408,0.0,259.0,360.0,1.0,1,1,10408.0,9.250330020192342
120,LP001426,0,1,0,1,0,5667,2667.0,180.0,360.0,1.0,2,1,8334.0,9.0280988119824
121,LP001430,1,0,0,1,0,4166,0.0,44.0,360.0,1.0,0,1,4166.0,8.334711621820917
122,LP001431,1,0,0,1,0,2137,8980.0,137.0,360.0,0.0,0,1,11117.0,9.316230747233615
123,LP001432,0,1,2,1,0,2957,0.0,81.0,360.0,1.0,0,1,2957.0,7.9919305198524775
124,LP001439,0,1,0,0,0,4300,2014.0,194.0,360.0,1.0,2,1,6314.0,8.750524669117937
125,LP001443,1,0,0,1,0,3692,0.0,93.0,360.0,1.0,2,1,3692.0,8.213923595622743
126,LP001448,0,1,3,1,0,23803,0.0,370.0,360.0,1.0,2,1,23803.0,10.077566902136047
127,LP001449,0,0,0,1,0,3865,1640.0,146.41216216216216,360.0,1.0,2,1,5505.0,8.61341204915678
128,LP001451,0,1,1,1,1,10513,3850.0,160.0,180.0,0.0,1,0,14363.0,9.572410734431823
129,LP001465,0,1,0,1,0,6080,2569.0,182.0,360.0,1.0,2,0,8649.0,9.065198986306513
130,LP001469,0,0,0,1,1,20166,0.0,650.0,480.0,1.0,1,1,20166.0,9.91175329695316
131,LP001473,0,0,0,1,0,2014,1929.0,74.0,360.0,1.0,1,1,3943.0,8.279697133877628
132,LP001478,0,0,0,1,0,2718,0.0,70.0,360.0,1.0,0,1,2718.0,7.907651594711089
133,LP001482,0,1,0,1,1,3459,0.0,25.0,120.0,1.0,0,1,3459.0,8.148734808937169
134,LP001487,0,0,0,1,0,4895,0.0,102.0,360.0,1.0,0,1,4895.0,8.49596955496461
135,LP001488,0,1,3,1,0,4000,7750.0,290.0,360.0,1.0,0,0,11750.0,9.371608519572305
136,LP001489,1,1,0,1,0,4583,0.0,84.0,360.0,1.0,2,0,4583.0,8.430109084509125
137,LP001491,0,1,2,1,1,3316,3500.0,88.0,360.0,1.0,1,1,6816.0,8.827028068509152
138,LP001492,0,0,0,1,0,14999,0.0,242.0,360.0,0.0,0,0,14999.0,9.61573881119536
139,LP001493,0,1,2,0,0,4200,1430.0,129.0,360.0,1.0,2,0,5630.0,8.635864721133736
140,LP001497,0,1,2,1,0,5042,2083.0,185.0,360.0,1.0,2,0,7125.0,8.871365005136852
141,LP001498,0,0,0,1,0,5417,0.0,168.0,360.0,1.0,1,1,5417.0,8.597297435657898
142,LP001504,0,0,0,1,1,6950,0.0,175.0,180.0,1.0,0,1,6950.0,8.846496938558838
143,LP001507,0,1,0,1,0,2698,2034.0,122.0,360.0,1.0,0,1,4732.0,8.462103225098277
144,LP001508,0,1,2,1,0,11757,0.0,187.0,180.0,1.0,1,1,11757.0,9.372204086867741
145,LP001514,1,1,0,1,0,2330,4486.0,100.0,360.0,1.0,0,1,6816.0,8.827028068509152
146,LP001516,1,1,2,1,0,14866,0.0,70.0,360.0,1.0,1,1,14866.0,9.60683200528524
147,LP001518,0,1,1,1,0,1538,1425.0,30.0,360.0,1.0,1,1,2963.0,7.993957547573565
148,LP001519,1,0,0,1,0,10000,1666.0,225.0,360.0,1.0,2,0,11666.0,9.364433907313582
149,LP001520,0,1,0,1,0,4860,830.0,125.0,360.0,1.0,0,1,5690.0,8.646465527120377
150,LP001528,0,0,0,1,0,6277,0.0,118.0,360.0,0.0,2,0,6277.0,8.744647438317532
151,LP001529,0,1,0,1,1,2577,3750.0,152.0,360.0,1.0,2,1,6327.0,8.752581469146884
152,LP001531,0,0,0,1,0,9166,0.0,244.0,360.0,1.0,1,0,9166.0,9.123256265069069
153,LP001532,0,1,2,0,0,2281,0.0,113.0,360.0,1.0,2,0,2281.0,7.732369222284388
154,LP001535,0,0,0,1,0,3254,0.0,50.0,360.0,1.0,1,1,3254.0,8.087640287778983
155,LP001536,0,1,3,1,0,39999,0.0,600.0,180.0,0.0,0,1,39999.0,10.596609732783568
156,LP001541,0,1,1,1,0,6000,0.0,160.0,360.0,1.0,2,1,6000.0,8.699514748210191
157,LP001543,0,1,1,1,0,9538,0.0,187.0,360.0,1.0,1,1,9538.0,9.16303909885817
158,LP001546,0,0,0,1,0,2980,2083.0,120.0,360.0,1.0,2,1,5063.0,8.529714471969909
159,LP001552,0,1,0,1,0,4583,5625.0,255.0,360.0,1.0,0,1,10208.0,9.23092700558457
160,LP001560,0,1,0,0,0,1863,1041.0,98.0,360.0,1.0,0,1,2904.0,7.973844375944687
161,LP001562,0,1,0,1,0,7933,0.0,275.0,360.0,1.0,1,0,7933.0,8.978786553302003
162,LP001565,0,1,1,1,0,3089,1280.0,121.0,360.0,0.0,0,0,4369.0,8.382289428951436
163,LP001570,0,1,2,1,0,4167,1447.0,158.0,360.0,1.0,2,1,5614.0,8.633018756921828
164,LP001572,0,1,0,1,0,9323,0.0,75.0,180.0,1.0,1,1,9323.0,9.140239744296693
165,LP001574,0,1,0,1,0,3707,3166.0,182.0,360.0,1.0,2,1,6873.0,8.835355971121606
166,LP001577,1,1,0,1,0,4583,0.0,112.0,360.0,1.0,2,0,4583.0,8.430109084509125
167,LP001578,0,1,0,1,0,2439,3333.0,129.0,360.0,1.0,2,1,5772.0,8.660773919893762
168,LP001579,0,0,0,1,0,2237,0.0,63.0,480.0,0.0,0,0,2237.0,7.71289096149013
169,LP001580,0,1,2,1,0,8000,0.0,200.0,360.0,1.0,0,1,8000.0,8.987196820661973
170,LP001581,0,1,0,0,0,1820,1769.0,95.0,360.0,1.0,2,1,3589.0,8.185628891147607
171,LP001585,0,1,3,1,0,51763,0.0,700.0,300.0,1.0,1,1,51763.0,10.854430887309706
172,LP001586,0,1,3,0,0,3522,0.0,81.0,180.0,1.0,2,0,3522.0,8.166784289056151
173,LP001594,0,1,0,1,0,5708,5625.0,187.0,360.0,1.0,0,1,11333.0,9.335474102732949
174,LP001603,0,1,0,0,1,4344,736.0,87.0,360.0,1.0,0,0,5080.0,8.533066540572527
175,LP001606,0,1,0,1,0,3497,1964.0,116.0,360.0,1.0,2,1,5461.0,8.605387202152153
176,LP001608,0,1,2,1,0,2045,1619.0,101.0,360.0,1.0,2,1,3664.0,8.20631072579402
177,LP001610,0,1,3,1,0,5516,11300.0,495.0,360.0,0.0,0,0,16816.0,9.730086093116732
178,LP001616,0,1,1,1,0,3750,0.0,116.0,360.0,1.0,0,1,3750.0,8.229511118964457
179,LP001630,0,0,0,0,0,2333,1451.0,102.0,480.0,0.0,1,0,3784.0,8.238536930171769
180,LP001633,0,1,1,1,0,6400,7250.0,180.0,360.0,0.0,1,0,13650.0,9.521494800613105
181,LP001634,0,0,0,1,0,1916,5063.0,67.0,360.0,1.0,2,0,6979.0,8.850660919017152
182,LP001636,0,1,0,1,0,4600,0.0,73.0,180.0,1.0,0,1,4600.0,8.433811582477187
183,LP001637,0,1,1,1,0,33846,0.0,260.0,360.0,1.0,0,0,33846.0,10.429576102968031
184,LP001639,1,1,0,1,0,3625,0.0,108.0,360.0,1.0,0,1,3625.0,8.195609567288775
185,LP001640,0,1,0,1,1,39147,4750.0,120.0,360.0,1.0,0,1,43897.0,10.689601259598334
186,LP001641,0,1,1,1,1,2178,0.0,66.0,300.0,0.0,2,0,2178.0,7.686162303492906
187,LP001643,0,1,0,1,0,2383,2138.0,58.0,360.0,1.0,2,1,4521.0,8.416488487294606
188,LP001644,0,1,0,1,1,674,5296.0,168.0,360.0,1.0,2,1,5970.0,8.694502206386648
189,LP001647,0,1,0,1,0,9328,0.0,188.0,180.0,1.0,2,1,9328.0,9.140775908590273
190,LP001653,0,0,0,0,0,4885,0.0,48.0,360.0,1.0,2,1,4885.0,8.493924564476883
191,LP001656,0,0,0,1,0,12000,0.0,164.0,360.0,1.0,0,0,12000.0,9.392661928770137
192,LP001657,0,1,0,0,0,6033,0.0,160.0,360.0,1.0,1,0,6033.0,8.704999678440762
193,LP001658,0,0,0,1,0,3858,0.0,76.0,360.0,1.0,0,1,3858.0,8.257904193465674
194,LP001664,0,0,0,1,0,4191,0.0,120.0,360.0,1.0,2,1,4191.0,8.340694647925071
195,LP001665,0,1,1,1,0,3125,2583.0,170.0,360.0,1.0,0,0,5708.0,8.649623978596727
196,LP001666,0,0,0,1,0,8333,3750.0,187.0,360.0,1.0,2,1,12083.0,9.399554785027307
197,LP001669,1,0,0,0,0,1907,2365.0,120.0,360.0,1.0,1,1,4272.0,8.35983738064003
198,LP001671,1,1,0,1,0,3416,2816.0,113.0,360.0,1.0,0,1,6232.0,8.737452587550584
199,LP001673,0,0,0,1,1,11000,0.0,83.0,360.0,1.0,1,0,11000.0,9.305650551780507
200,LP001674,0,1,1,0,0,2600,2500.0,90.0,360.0,1.0,0,1,5100.0,8.536995818712418
201,LP001677,0,0,2,1,0,4923,0.0,166.0,360.0,0.0,0,1,4923.0,8.5016733797582
202,LP001682,0,1,3,0,0,3992,0.0,146.41216216216216,180.0,1.0,1,0,3992.0,8.292047637431354
203,LP001688,0,1,1,0,0,3500,1083.0,135.0,360.0,1.0,1,1,4583.0,8.430109084509125
204,LP001691,0,1,2,0,0,3917,0.0,124.0,360.0,1.0,0,1,3917.0,8.27308133366583
205,LP001692,1,0,0,0,0,4408,0.0,120.0,360.0,1.0,0,1,4408.0,8.391176350832751
206,LP001693,1,0,0,1,0,3244,0.0,80.0,360.0,1.0,1,1,3244.0,8.084562415235304
207,LP001698,0,0,0,0,0,3975,2531.0,55.0,360.0,1.0,2,1,6506.0,8.780480107033297
208,LP001699,0,0,0,1,0,2479,0.0,59.0,360.0,1.0,1,1,2479.0,7.8156105320351905
209,LP001702,0,0,0,1,0,3418,0.0,127.0,360.0,1.0,0,0,3418.0,8.136810863675537
210,LP001708,1,0,0,1,0,10000,0.0,214.0,360.0,1.0,0,0,10000.0,9.210340371976184
211,LP001711,0,1,3,1,0,3430,1250.0,128.0,360.0,0.0,0,0,4680.0,8.451053388911692
212,LP001713,0,1,1,1,1,7787,0.0,240.0,360.0,1.0,1,1,7787.0,8.960210955576986
213,LP001715,0,1,3,0,1,5703,0.0,130.0,360.0,1.0,2,1,5703.0,8.648747631156539
214,LP001716,0,1,0,1,0,3173,3021.0,137.0,360.0,1.0,1,1,6194.0,8.731336360533149
215,LP001720,0,1,3,0,0,3850,983.0,100.0,360.0,1.0,0,1,4833.0,8.483222671845084
216,LP001722,0,1,0,1,0,150,1800.0,135.0,360.0,1.0,2,0,1950.0,7.575584651557793
217,LP001726,0,1,0,1,0,3727,1775.0,131.0,360.0,1.0,0,1,5502.0,8.61286694148452
218,LP001732,0,1,2,1,0,5000,0.0,72.0,360.0,0.0,0,0,5000.0,8.517193191416238
219,LP001734,1,1,2,1,0,4283,2383.0,127.0,360.0,1.0,0,1,6666.0,8.804775258867686
220,LP001736,0,1,0,1,0,2221,0.0,60.0,360.0,0.0,1,0,2221.0,7.7057128238944275
221,LP001743,0,1,2,1,0,4009,1717.0,116.0,360.0,1.0,0,1,5726.0,8.65277248565806
222,LP001744,0,0,0,1,0,2971,2791.0,144.0,360.0,1.0,0,1,5762.0,8.659039915644474
223,LP001749,0,1,0,1,0,7578,1010.0,175.0,360.0,1.0,0,1,8588.0,9.058121158998672
224,LP001750,0,1,0,1,0,6250,0.0,128.0,360.0,1.0,0,1,6250.0,8.740336742730447
225,LP001751,0,1,0,1,0,3250,0.0,170.0,360.0,1.0,2,0,3250.0,8.086410275323782
226,LP001754,0,1,0,0,1,4735,0.0,138.0,360.0,1.0,1,0,4735.0,8.462737005620179
227,LP001758,0,1,2,1,0,6250,1695.0,210.0,360.0,1.0,0,1,7945.0,8.980298078970817
228,LP001760,0,1,0,1,0,4758,0.0,158.0,480.0,1.0,0,1,4758.0,8.467582690862903
229,LP001761,0,0,0,1,1,6400,0.0,200.0,360.0,1.0,2,1,6400.0,8.764053269347762
230,LP001765,0,1,1,1,0,2491,2054.0,104.0,360.0,1.0,0,1,4545.0,8.421783006611578
231,LP001768,0,1,0,1,0,3716,0.0,42.0,180.0,1.0,2,1,3716.0,8.22040309993373
232,LP001770,0,0,0,0,0,3189,2598.0,120.0,360.0,1.0,2,1,5787.0,8.663369301573839
233,LP001776,1,0,0,1,0,8333,0.0,280.0,360.0,1.0,0,1,8333.0,9.027978814382207
234,LP001778,0,1,1,1,0,3155,1779.0,140.0,360.0,1.0,0,1,4934.0,8.503905297089302
235,LP001784,0,1,1,1,0,5500,1260.0,170.0,360.0,1.0,2,1,6760.0,8.81877816903701
236,LP001786,0,1,0,1,0,5746,0.0,255.0,360.0,1.0,1,0,5746.0,8.656259239539235
237,LP001788,1,0,0,1,1,3463,0.0,122.0,360.0,1.0,1,1,3463.0,8.149890544402423
238,LP001790,1,0,1,1,0,3812,0.0,112.0,360.0,1.0,2,1,3812.0,8.245909264774093
239,LP001792,0,1,1,1,0,3315,0.0,96.0,360.0,1.0,0,1,3315.0,8.106212902619962
240,LP001798,0,1,2,1,0,5819,5000.0,120.0,360.0,1.0,2,1,10819.0,9.289059126687574
241,LP001800,0,1,1,0,0,2510,1983.0,140.0,180.0,1.0,1,0,4493.0,8.41027590907016
242,LP001806,0,0,0,1,0,2965,5701.0,155.0,60.0,1.0,1,1,8666.0,9.067162602299854
243,LP001807,0,1,2,1,1,6250,1300.0,108.0,360.0,1.0,2,1,7550.0,8.92930284224307
244,LP001811,0,1,0,0,0,3406,4417.0,123.0,360.0,1.0,0,1,7823.0,8.96482339168508
245,LP001813,0,0,0,1,1,6050,4333.0,120.0,180.0,1.0,1,0,10383.0,9.247925132303454
246,LP001814,0,1,2,1,0,9703,0.0,112.0,360.0,1.0,1,1,9703.0,9.1801903950253
247,LP001819,0,1,1,0,0,6608,0.0,137.0,180.0,1.0,1,1,6608.0,8.796036315200814
248,LP001824,0,1,1,1,0,2882,1843.0,123.0,480.0,1.0,0,1,4725.0,8.460622839927844
249,LP001825,0,1,0,1,0,1809,1868.0,90.0,360.0,1.0,1,1,3677.0,8.209852481301272
250,LP001835,0,1,0,0,0,1668,3890.0,201.0,360.0,0.0,0,0,5558.0,8.62299361030245
251,LP001836,1,0,2,1,0,3427,0.0,138.0,360.0,1.0,1,0,3427.0,8.139440521874608
252,LP001841,0,0,0,0,1,2583,2167.0,104.0,360.0,1.0,2,1,4750.0,8.465899897028686
253,LP001843,0,1,1,0,0,2661,7101.0,279.0,180.0,1.0,0,1,9762.0,9.186252576447092
254,LP001844,0,0,0,1,1,16250,0.0,192.0,360.0,0.0,1,0,16250.0,9.695848187757884
255,LP001846,1,0,3,1,0,3083,0.0,255.0,360.0,1.0,2,1,3083.0,8.03365842788615
256,LP001849,0,0,0,0,0,6045,0.0,115.0,360.0,0.0,2,0,6045.0,8.706986763048892
257,LP001854,0,1,3,1,0,5250,0.0,94.0,360.0,1.0,1,0,5250.0,8.565983355585669
258,LP001859,0,1,0,1,0,14683,2100.0,304.0,360.0,1.0,2,0,16783.0,9.72812174830818
259,LP001864,0,1,3,0,0,4931,0.0,128.0,360.0,1.0,0,0,4931.0,8.503297086224126
260,LP001865,0,1,1,1,0,6083,4250.0,330.0,360.0,1.0,1,1,10333.0,9.243097936214355
261,LP001868,0,0,0,1,0,2060,2209.0,134.0,360.0,1.0,0,1,4269.0,8.359134886757962
262,LP001870,1,0,1,1,0,3481,0.0,155.0,36.0,1.0,0,0,3481.0,8.15507488781144
263,LP001871,1,0,0,1,0,7200,0.0,120.0,360.0,1.0,2,1,7200.0,8.881836305004146
264,LP001872,0,0,0,1,1,5166,0.0,128.0,360.0,1.0,0,1,5166.0,8.549853973655786
265,LP001875,0,0,0,1,0,4095,3447.0,151.0,360.0,1.0,2,1,7542.0,8.928242677818302
266,LP001877,0,1,2,1,0,4708,1387.0,150.0,360.0,1.0,0,1,6095.0,8.715224041915372
267,LP001882,0,1,3,1,0,4333,1811.0,160.0,360.0,0.0,1,1,6144.0,8.723231274827508
268,LP001883,1,0,0,1,0,3418,0.0,135.0,360.0,1.0,2,0,3418.0,8.136810863675537
269,LP001884,1,0,1,1,0,2876,1560.0,90.0,360.0,1.0,1,1,4436.0,8.397508348470257
270,LP001888,1,0,0,1,0,3237,0.0,30.0,360.0,1.0,1,1,3237.0,8.082402253926244
271,LP001891,0,1,0,1,0,11146,0.0,136.0,360.0,1.0,1,1,11146.0,9.318835968129482
272,LP001892,0,0,0,1,0,2833,1857.0,126.0,360.0,1.0,2,1,4690.0,8.453187861440325
273,LP001894,0,1,0,1,0,2620,2223.0,150.0,360.0,1.0,0,1,4843.0,8.48528964240323
274,LP001896,0,1,2,1,0,3900,0.0,90.0,360.0,1.0,0,1,3900.0,8.268731832117737
275,LP001900,0,1,1,1,0,2750,1842.0,115.0,360.0,1.0,0,1,4592.0,8.432070937999402
276,LP001903,0,1,0,1,0,3993,3274.0,207.0,360.0,1.0,0,1,7267.0,8.891098830616636
277,LP001904,0,1,0,1,0,3103,1300.0,80.0,360.0,1.0,1,1,4403.0,8.390041405755754
278,LP001907,0,1,0,1,0,14583,0.0,436.0,360.0,1.0,0,1,14583.0,9.587611745713565
279,LP001908,1,1,0,0,0,4100,0.0,124.0,360.0,1.0,2,1,4100.0,8.318742252692399
280,LP001910,0,0,1,0,1,4053,2426.0,158.0,360.0,0.0,1,0,6479.0,8.776321456449958
281,LP001914,0,1,0,1,0,3927,800.0,112.0,360.0,1.0,0,1,4727.0,8.461046030793236
282,LP001915,0,1,2,1,0,2301,985.7999877999998,78.0,180.0,1.0,1,1,3286.7999878,8.097669722345216
283,LP001917,1,0,0,1,0,1811,1666.0,54.0,360.0,1.0,1,1,3477.0,8.153925132007862
284,LP001922,0,1,0,1,0,20667,0.0,146.41216216216216,360.0,1.0,2,0,20667.0,9.936293504261306
285,LP001924,0,0,0,1,0,3158,3053.0,89.0,360.0,1.0,2,1,6211.0,8.734077192559303
286,LP001925,1,0,0,1,1,2600,1717.0,99.0,300.0,1.0,0,0,4317.0,8.370315995555478
287,LP001926,0,1,0,1,0,3704,2000.0,120.0,360.0,1.0,2,1,5704.0,8.648922962094131
288,LP001931,1,0,0,1,0,4124,0.0,115.0,360.0,1.0,0,1,4124.0,8.32457884513685
289,LP001935,0,0,0,1,0,9508,0.0,187.0,360.0,1.0,2,1,9508.0,9.159888828480085
290,LP001936,0,1,0,1,0,3075,2416.0,139.0,360.0,1.0,2,1,5491.0,8.610865667278873
291,LP001938,0,1,2,1,0,4400,0.0,127.0,360.0,0.0,0,0,4400.0,8.389359819906353
292,LP001940,0,1,2,1,0,3153,1560.0,134.0,360.0,1.0,1,1,4713.0,8.45807992692373
293,LP001945,1,0,0,1,0,5417,0.0,143.0,480.0,0.0,1,0,5417.0,8.597297435657898
294,LP001947,0,1,0,1,0,2383,3334.0,172.0,360.0,1.0,0,1,5717.0,8.651199471263972
295,LP001949,0,1,3,1,0,4416,1250.0,110.0,360.0,1.0,1,1,5666.0,8.642238680390461
296,LP001953,0,1,1,1,0,6875,0.0,200.0,360.0,1.0,0,1,6875.0,8.835646922534773
297,LP001954,1,1,1,1,0,4666,0.0,135.0,360.0,1.0,1,1,4666.0,8.448057452581375
298,LP001955,1,0,0,1,0,5000,2541.0,151.0,480.0,1.0,2,0,7541.0,8.928110078202646
299,LP001963,0,1,1,1,0,2014,2925.0,113.0,360.0,1.0,1,0,4939.0,8.504918160540624
300,LP001964,0,1,0,0,0,1800,2934.0,93.0,360.0,0.0,1,0,4734.0,8.46252579007393
301,LP001972,0,1,0,0,0,2875,1750.0,105.0,360.0,1.0,0,1,4625.0,8.439231649946526
302,LP001974,1,0,0,1,0,5000,0.0,132.0,360.0,1.0,2,1,5000.0,8.517193191416238
303,LP001977,0,1,1,1,0,1625,1803.0,96.0,360.0,1.0,1,1,3428.0,8.13973227971767
304,LP001978,0,0,0,1,0,4000,2500.0,140.0,360.0,1.0,2,1,6500.0,8.779557455883728
305,LP001990,0,0,0,0,0,2000,0.0,146.41216216216216,360.0,1.0,1,0,2000.0,7.600902459542082
306,LP001993,1,0,0,1,0,3762,1666.0,135.0,360.0,1.0,2,1,5428.0,8.59932602095476
307,LP001994,1,0,0,1,0,2400,1863.0,104.0,360.0,0.0,1,0,4263.0,8.35772841676521
308,LP001996,0,0,0,1,0,20233,0.0,480.0,360.0,1.0,2,0,20233.0,9.915070213779195
309,LP001998,0,1,2,0,0,7667,0.0,185.0,360.0,1.0,2,1,7667.0,8.944680683558895
310,LP002002,1,0,0,1,0,2917,0.0,84.0,360.0,1.0,0,1,2917.0,7.978310969867722
311,LP002004,0,0,0,0,0,2927,2405.0,111.0,360.0,1.0,0,1,5332.0,8.5814816812986
312,LP002006,1,0,0,1,0,2507,0.0,56.0,360.0,1.0,2,1,2507.0,7.826842098158293
313,LP002008,0,1,2,1,1,5746,0.0,144.0,84.0,1.0,2,1,5746.0,8.656259239539235
314,LP002024,0,1,0,1,0,2473,1843.0,159.0,360.0,1.0,2,0,4316.0,8.370084326378025
315,LP002031,0,1,1,0,0,3399,1640.0,111.0,180.0,1.0,1,1,5039.0,8.524962928680598
316,LP002035,0,1,2,1,0,3717,0.0,120.0,360.0,1.0,0,1,3717.0,8.220672170297252
317,LP002036,0,1,0,1,0,2058,2134.0,88.0,360.0,1.0,1,1,4192.0,8.340933226000878
318,LP002043,1,0,1,1,0,3541,0.0,112.0,360.0,1.0,0,1,3541.0,8.172164452111904
319,LP002050,0,1,1,1,1,10000,0.0,155.0,360.0,1.0,2,0,10000.0,9.210340371976184
320,LP002051,0,1,0,1,0,2400,2167.0,115.0,360.0,1.0,0,1,4567.0,8.426611813185
321,LP002053,0,1,3,1,0,4342,189.0,124.0,360.0,1.0,0,1,4531.0,8.418697944667139
322,LP002054,0,1,2,0,0,3601,1590.0,146.41216216216216,360.0,1.0,2,1,5191.0,8.55468163582723
323,LP002055,1,0,0,1,0,3166,2985.0,132.0,360.0,1.0,2,1,6151.0,8.724369949208368
324,LP002065,0,1,3,1,0,15000,0.0,300.0,360.0,1.0,2,1,15000.0,9.615805480084347
325,LP002067,0,1,1,1,1,8666,4983.0,376.0,360.0,0.0,2,0,13649.0,9.521421537856195
326,LP002068,0,0,0,1,0,4917,0.0,130.0,360.0,0.0,2,1,4917.0,8.50045386741194
327,LP002082,0,1,0,1,1,5818,2160.0,184.0,360.0,1.0,0,1,7978.0,8.984443032465352
328,LP002086,1,1,0,1,0,4333,2451.0,110.0,360.0,1.0,1,0,6784.0,8.822322177471738
329,LP002087,1,0,0,1,0,2500,0.0,67.0,360.0,1.0,1,1,2500.0,7.824046010856292
330,LP002097,0,0,1,1,0,4384,1793.0,117.0,360.0,1.0,1,1,6177.0,8.728587995695898
331,LP002098,0,0,0,1,0,2935,0.0,98.0,360.0,1.0,0,1,2935.0,7.984462732262196
332,LP002100,0,0,0,1,0,2833,0.0,71.0,360.0,1.0,1,1,2833.0,7.949091499830517
333,LP002101,0,1,0,1,0,63337,0.0,490.0,180.0,1.0,1,1,63337.0,11.05622495553552
334,LP002103,0,1,1,1,1,9833,1833.0,182.0,180.0,1.0,1,1,11666.0,9.364433907313582
335,LP002106,0,1,0,1,1,5503,4490.0,70.0,360.0,1.0,0,1,9993.0,9.209640126861789
336,LP002110,0,1,1,1,0,5250,688.0,160.0,360.0,1.0,2,1,5938.0,8.689127655323706
337,LP002112,0,1,2,1,1,2500,4600.0,176.0,360.0,1.0,2,1,7100.0,8.867850063029406
338,LP002113,1,0,3,0,0,1830,0.0,146.41216216216216,360.0,0.0,1,0,1830.0,7.512071245835466
339,LP002114,1,0,0,1,0,4160,0.0,71.0,360.0,1.0,0,1,4160.0,8.333270353255308
340,LP002115,0,1,3,0,0,2647,1587.0,173.0,360.0,1.0,2,0,4234.0,8.350902451694811
341,LP002116,1,0,0,1,0,2378,0.0,46.0,360.0,1.0,2,0,2378.0,7.774015077250727
342,LP002119,0,1,1,0,0,4554,1229.0,158.0,360.0,1.0,1,1,5783.0,8.662677858158219
343,LP002126,0,1,3,0,0,3173,0.0,74.0,360.0,1.0,0,1,3173.0,8.062432791583195
344,LP002128,0,1,2,1,0,2583,2330.0,125.0,360.0,1.0,2,1,4913.0,8.499640032168648
345,LP002129,0,1,0,1,0,2499,2458.0,160.0,360.0,1.0,0,1,4957.0,8.508555998020574
346,LP002130,0,1,0,0,0,3523,3230.0,152.0,360.0,0.0,2,0,6753.0,8.817742129574842
347,LP002131,0,1,2,0,0,3083,2168.0,126.0,360.0,1.0,1,1,5251.0,8.566173813637858
348,LP002137,0,1,0,1,0,6333,4583.0,259.0,360.0,1.0,0,1,10916.0,9.29798488182823
349,LP002138,0,1,0,1,0,2625,6250.0,187.0,360.0,1.0,2,1,8875.0,9.090993614343617
350,LP002139,0,1,0,1,0,9083,0.0,228.0,360.0,1.0,0,1,9083.0,9.114159813502214
351,LP002140,0,0,0,1,0,8750,4167.0,308.0,360.0,1.0,2,0,12917.0,9.466299552232016
352,LP002141,0,1,3,1,0,2666,2083.0,95.0,360.0,1.0,2,1,4749.0,8.465689348549121
353,LP002142,1,1,0,1,1,5500,0.0,105.0,360.0,0.0,2,0,5500.0,8.612503371220562
354,LP002143,1,1,0,1,0,2423,505.0,130.0,360.0,1.0,0,1,2928.0,7.982074875081202
355,LP002144,1,0,0,1,0,3813,0.0,116.0,180.0,1.0,1,1,3813.0,8.246171559857563
356,LP002149,0,1,2,1,0,8333,3167.0,165.0,360.0,1.0,2,1,11500.0,9.350102314351341
357,LP002151,0,1,1,1,0,3875,0.0,67.0,360.0,1.0,1,0,3875.0,8.262300941787448
358,LP002158,0,1,0,0,0,3000,1666.0,100.0,480.0,0.0,1,0,4666.0,8.448057452581375
359,LP002160,0,1,3,1,0,5167,3167.0,200.0,360.0,1.0,0,1,8334.0,9.0280988119824
360,LP002161,1,0,1,1,0,4723,0.0,81.0,360.0,1.0,0,0,4723.0,8.460199469896118
361,LP002170,0,1,2,1,0,5000,3667.0,236.0,360.0,1.0,0,1,8667.0,9.067277989134345
362,LP002175,0,1,0,1,0,4750,2333.0,130.0,360.0,1.0,1,1,7083.0,8.865452825753623
363,LP002178,0,1,0,1,0,3013,3033.0,95.0,300.0,1.0,1,1,6046.0,8.707152175339404
364,LP002180,0,0,0,1,1,6822,0.0,141.0,360.0,1.0,2,1,6822.0,8.82790796297859
365,LP002181,0,0,0,0,0,6216,0.0,133.0,360.0,1.0,2,0,6216.0,8.734881892047483
366,LP002187,0,0,0,1,0,2500,0.0,96.0,480.0,1.0,0,0,2500.0,7.824046010856292
367,LP002188,0,0,0,1,0,5124,0.0,124.0,360.0,0.0,2,0,5124.0,8.541690663016626
368,LP002190,0,1,1,1,0,6325,0.0,175.0,360.0,1.0,0,1,6325.0,8.752265313595721
369,LP002191,0,1,0,1,0,19730,5266.0,570.0,360.0,1.0,2,0,24996.0,10.126471091048971
370,LP002194,1,0,0,1,1,15759,0.0,55.0,360.0,1.0,0,1,15759.0,9.665166909622071
371,LP002197,0,1,2,1,0,5185,0.0,155.0,360.0,1.0,0,1,5185.0,8.553525120663627
372,LP002201,0,1,2,1,1,9323,7873.0,380.0,300.0,1.0,2,1,17196.0,9.752432077616172
373,LP002205,0,0,1,1,0,3062,1987.0,111.0,180.0,0.0,1,0,5049.0,8.526945482858915
374,LP002209,1,0,0,1,0,2764,1459.0,110.0,360.0,1.0,1,1,4223.0,8.348301054933943
375,LP002211,0,1,0,1,0,4817,923.0,120.0,180.0,1.0,1,1,5740.0,8.655214489313613
376,LP002219,0,1,3,1,0,8750,4996.0,130.0,360.0,1.0,2,1,13746.0,9.52850315168155
377,LP002223,0,1,0,1,0,4310,0.0,130.0,360.0,1.0,0,1,4310.0,8.368693183097793
378,LP002224,0,0,0,1,0,3069,0.0,71.0,480.0,1.0,1,0,3069.0,8.029107054619736
379,LP002225,0,1,2,1,0,5391,0.0,130.0,360.0,1.0,1,1,5391.0,8.592486175451668
380,LP002226,0,1,0,1,0,3333,2500.0,128.0,360.0,1.0,0,1,5833.0,8.671286726753637
381,LP002229,0,0,0,1,0,5941,4232.0,296.0,360.0,1.0,0,1,10173.0,9.227492430793749
382,LP002231,1,0,0,1,0,6000,0.0,156.0,360.0,1.0,1,1,6000.0,8.699514748210191
383,LP002234,0,0,0,1,1,7167,0.0,128.0,360.0,1.0,1,1,7167.0,8.877242435993919
384,LP002236,0,1,2,1,0,4566,0.0,100.0,360.0,1.0,1,0,4566.0,8.42639282708974
385,LP002237,0,0,1,1,0,3667,0.0,113.0,180.0,1.0,1,1,3667.0,8.207129168071326
386,LP002239,0,0,0,0,0,2346,1600.0,132.0,360.0,1.0,0,1,3946.0,8.28045768658256
387,LP002243,0,1,0,0,0,3010,3136.0,146.41216216216216,360.0,0.0,1,0,6146.0,8.72355674269043
388,LP002244,0,1,0,1,0,2333,2417.0,136.0,360.0,1.0,1,1,4750.0,8.465899897028686
389,LP002250,0,1,0,1,0,5488,0.0,125.0,360.0,1.0,2,1,5488.0,8.610319169405722
390,LP002255,0,0,3,1,0,9167,0.0,185.0,360.0,1.0,2,1,9167.0,9.123365357961776
391,LP002262,0,1,3,1,0,9504,0.0,275.0,360.0,1.0,2,1,9504.0,9.159468041602427
392,LP002263,0,1,0,1,0,2583,2115.0,120.0,360.0,1.0,1,1,4698.0,8.454892165218858
393,LP002265,0,1,2,0,0,1993,1625.0,113.0,180.0,1.0,0,1,3618.0,8.193676665955241
394,LP002266,0,1,2,1,0,3100,1400.0,113.0,360.0,1.0,1,1,4500.0,8.411832675758411
395,LP002272,0,1,2,1,0,3276,484.0,135.0,360.0,1.0,0,1,3760.0,8.23217423638394
396,LP002277,1,0,0,1,0,3180,0.0,71.0,360.0,0.0,1,0,3180.0,8.064636475774222
397,LP002281,0,1,0,1,0,3033,1459.0,95.0,360.0,1.0,1,1,4492.0,8.410053315858335
398,LP002284,0,0,0,0,0,3902,1666.0,109.0,360.0,1.0,2,1,5568.0,8.624791202014256
399,LP002287,1,0,0,1,0,1500,1800.0,103.0,360.0,0.0,0,0,3300.0,8.101677747454572
400,LP002288,0,1,2,0,0,2889,0.0,45.0,180.0,0.0,1,0,2889.0,7.968665700466235
401,LP002296,0,0,0,0,0,2755,0.0,65.0,300.0,1.0,2,0,2755.0,7.9211727215870145
402,LP002297,0,0,0,1,0,2500,20000.0,103.0,360.0,1.0,0,1,22500.0,10.021270588192511
403,LP002300,1,0,0,0,0,1963,0.0,53.0,360.0,1.0,0,1,1963.0,7.5822291942764615
404,LP002301,1,0,0,1,1,7441,0.0,194.0,360.0,1.0,2,0,7441.0,8.914760527397261
405,LP002305,1,0,0,1,0,4547,0.0,115.0,360.0,1.0,0,1,4547.0,8.42222295382501
406,LP002308,0,1,0,0,0,2167,2400.0,115.0,360.0,1.0,1,1,4567.0,8.426611813185
407,LP002314,1,0,0,0,0,2213,0.0,66.0,360.0,1.0,2,1,2213.0,7.70210434005105
408,LP002315,0,1,1,1,0,8300,0.0,152.0,300.0,0.0,0,0,8300.0,9.02401079378469
409,LP002317,0,1,3,1,0,81000,0.0,360.0,360.0,0.0,2,0,81000.0,11.302204433654575
410,LP002318,1,0,1,0,1,3867,0.0,62.0,360.0,1.0,0,0,3867.0,8.260234291607297
411,LP002319,0,1,0,1,0,6256,0.0,160.0,360.0,1.0,1,1,6256.0,8.741296282225147
412,LP002328,0,1,0,0,0,6096,0.0,218.0,360.0,0.0,2,0,6096.0,8.715388097366482
413,LP002332,0,1,0,0,0,2253,2033.0,110.0,360.0,1.0,2,1,4286.0,8.363109176033522
414,LP002335,1,1,0,0,0,2149,3237.0,178.0,360.0,0.0,0,0,5386.0,8.591558273371545
415,LP002337,1,0,0,1,0,2995,0.0,60.0,360.0,1.0,1,1,2995.0,8.00469951054955
416,LP002341,1,0,1,1,0,2600,0.0,160.0,360.0,1.0,1,0,2600.0,7.8632667240095735
417,LP002342,0,1,2,1,1,1600,20000.0,239.0,360.0,1.0,1,0,21600.0,9.980448593672257
418,LP002345,0,1,0,1,0,1025,2773.0,112.0,360.0,1.0,2,1,3798.0,8.242229891372231
419,LP002347,0,1,0,1,0,3246,1417.0,138.0,360.0,1.0,0,1,4663.0,8.44741429680832
420,LP002348,0,1,0,1,0,5829,0.0,138.0,360.0,1.0,2,1,5829.0,8.67060073804555
421,LP002357,1,0,0,0,0,2720,0.0,80.0,360.0,0.0,1,0,2720.0,7.908387159290043
422,LP002361,0,1,0,1,0,1820,1719.0,100.0,360.0,1.0,1,1,3539.0,8.171599480345463
423,LP002362,0,1,1,1,0,7250,1667.0,110.0,360.0,0.0,1,0,8917.0,9.095714846134879
424,LP002364,0,1,0,1,0,14880,0.0,96.0,360.0,1.0,0,1,14880.0,9.607773308387083
425,LP002366,0,1,0,1,0,2666,4300.0,121.0,360.0,1.0,2,1,6966.0,8.848796450925947
426,LP002367,1,0,1,0,0,4606,0.0,81.0,360.0,1.0,2,0,4606.0,8.43511508038063
427,LP002368,0,1,2,1,0,5935,0.0,133.0,360.0,1.0,0,1,5935.0,8.688622307043769
428,LP002369,0,1,0,1,0,2920,16.12000084,87.0,360.0,1.0,2,1,2936.12000084,7.984844261119869
429,LP002370,0,0,0,0,0,2717,0.0,60.0,180.0,1.0,1,1,2717.0,7.907283609426348
430,LP002377,1,0,1,1,1,8624,0.0,150.0,360.0,1.0,0,1,8624.0,9.06230429314878
431,LP002379,0,0,0,1,0,6500,0.0,105.0,360.0,0.0,2,0,6500.0,8.779557455883728
432,LP002386,0,0,0,1,0,12876,0.0,405.0,360.0,1.0,0,1,12876.0,9.463120392418698
433,LP002387,0,1,0,1,0,2425,2340.0,143.0,360.0,1.0,0,1,4765.0,8.469052816088302
434,LP002390,0,0,0,1,0,3750,0.0,100.0,360.0,1.0,1,1,3750.0,8.229511118964457
435,LP002393,1,1,0,1,0,10047,0.0,146.41216216216216,240.0,1.0,0,1,10047.0,9.215029361462314
436,LP002398,0,0,0,1,0,1926,1851.0,50.0,360.0,1.0,0,1,3777.0,8.236685322712457
437,LP002401,0,1,0,1,0,2213,1125.0,146.41216216216216,360.0,1.0,1,1,3338.0,8.11312710422178
438,LP002403,0,0,0,1,1,10416,0.0,187.0,360.0,0.0,1,0,10416.0,9.251098364448351
439,LP002407,1,1,0,0,1,7142,0.0,138.0,360.0,1.0,2,1,7142.0,8.873748128154395
440,LP002408,0,0,0,1,0,3660,5064.0,187.0,360.0,1.0,0,1,8724.0,9.07383312732152
441,LP002409,0,1,0,1,0,7901,1833.0,180.0,360.0,1.0,2,1,9734.0,9.1833801903934
442,LP002418,0,0,3,0,0,4707,1993.0,148.0,360.0,1.0,0,1,6700.0,8.809862805379057
443,LP002422,0,0,1,1,0,37719,0.0,152.0,360.0,1.0,0,1,37719.0,10.537919225261291
444,LP002424,0,1,0,1,0,7333,8333.0,175.0,300.0,1.0,2,1,15666.0,9.659248037927183
445,LP002429,0,1,1,1,1,3466,1210.0,130.0,360.0,1.0,2,1,4676.0,8.450198322591959
446,LP002434,0,1,2,0,0,4652,0.0,110.0,360.0,1.0,2,1,4652.0,8.445052513638554
447,LP002435,0,1,0,1,0,3539,1376.0,55.0,360.0,1.0,2,0,4915.0,8.500047032581268
448,LP002443,0,1,2,1,0,3340,1710.0,150.0,360.0,0.0,2,0,5050.0,8.527143522269405
449,LP002444,0,0,1,0,1,2769,1542.0,190.0,360.0,1.0,0,0,4311.0,8.368925174747135
450,LP002446,0,1,2,0,0,2309,1255.0,125.0,360.0,0.0,2,0,3564.0,8.1786387885907
451,LP002447,0,1,2,0,0,1958,1456.0,60.0,300.0,1.0,1,1,3414.0,8.135639903354386
452,LP002448,0,1,0,1,0,3948,1733.0,149.0,360.0,0.0,2,0,5681.0,8.644882552557126
453,LP002449,0,1,0,1,0,2483,2466.0,90.0,180.0,0.0,2,1,4949.0,8.506940814951886
454,LP002453,0,0,0,1,1,7085,0.0,84.0,360.0,1.0,0,1,7085.0,8.865735152124781
455,LP002455,0,1,2,1,0,3859,0.0,96.0,360.0,1.0,0,1,3859.0,8.258163361537619
456,LP002459,0,1,0,1,0,4301,0.0,118.0,360.0,1.0,1,1,4301.0,8.366602832783736
457,LP002467,0,1,0,1,0,3708,2569.0,173.0,360.0,1.0,1,0,6277.0,8.744647438317532
458,LP002472,0,0,2,1,0,4354,0.0,136.0,360.0,1.0,2,1,4354.0,8.378850241794492
459,LP002473,0,1,0,1,0,8334,0.0,160.0,360.0,1.0,0,0,8334.0,9.0280988119824
460,LP002478,0,1,0,1,1,2083,4083.0,160.0,360.0,1.0,0,1,6166.0,8.726805608446096
461,LP002484,0,1,3,1,0,7740,0.0,128.0,180.0,1.0,1,1,7740.0,8.954156966583772
462,LP002487,0,1,0,1,0,3015,2188.0,153.0,360.0,1.0,2,1,5203.0,8.556990661290303
463,LP002489,1,0,1,0,0,5191,0.0,132.0,360.0,1.0,0,1,5191.0,8.55468163582723
464,LP002493,0,0,0,1,0,4166,0.0,98.0,360.0,0.0,0,0,4166.0,8.334711621820917
465,LP002494,0,0,0,1,0,6000,0.0,140.0,360.0,1.0,2,1,6000.0,8.699514748210191
466,LP002500,0,1,3,0,0,2947,1664.0,70.0,180.0,0.0,1,0,4611.0,8.436200032206706
467,LP002501,0,1,0,1,0,16692,0.0,110.0,360.0,1.0,0,1,16692.0,9.722684841711443
468,LP002502,1,1,2,0,0,210,2917.0,98.0,360.0,1.0,0,1,3127.0,8.047829357457841
469,LP002505,0,1,0,1,0,4333,2451.0,110.0,360.0,1.0,1,0,6784.0,8.822322177471738
470,LP002515,0,1,1,1,1,3450,2079.0,162.0,360.0,1.0,0,1,5529.0,8.617762246337932
471,LP002517,0,1,1,0,0,2653,1500.0,113.0,180.0,0.0,2,0,4153.0,8.331586243630754
472,LP002519,0,1,3,1,0,4691,0.0,100.0,360.0,1.0,0,1,4691.0,8.453401058328458
473,LP002522,1,0,0,1,1,2500,0.0,93.0,360.0,1.0,1,1,2500.0,7.824046010856292
474,LP002524,0,0,2,1,0,5532,4648.0,162.0,360.0,1.0,2,1,10180.0,9.228180290104513
475,LP002527,0,1,2,1,1,16525,1014.0,150.0,360.0,1.0,2,1,17539.0,9.772182251758139
476,LP002529,0,1,2,1,0,6700,1750.0,230.0,300.0,1.0,0,1,8450.0,9.041921720351219
477,LP002530,0,1,2,1,0,2873,1872.0,132.0,360.0,0.0,0,0,4745.0,8.464846711044029
478,LP002531,0,1,1,1,1,16667,2250.0,86.0,360.0,1.0,0,1,18917.0,9.847816267665664
479,LP002533,0,1,2,1,0,2947,1603.0,146.41216216216216,360.0,1.0,1,0,4550.0,8.422882511944996
480,LP002534,1,0,0,0,0,4350,0.0,154.0,360.0,1.0,2,1,4350.0,8.37793112408273
481,LP002536,0,1,3,0,0,3095,0.0,113.0,360.0,1.0,2,1,3095.0,8.037543185118697
482,LP002537,0,1,0,1,0,2083,3150.0,128.0,360.0,1.0,0,1,5233.0,8.562740006372207
483,LP002541,0,1,0,1,0,10833,0.0,234.0,360.0,1.0,0,1,10833.0,9.290352309945568
484,LP002543,0,1,2,1,0,8333,0.0,246.0,360.0,1.0,0,1,8333.0,9.027978814382207
485,LP002544,0,1,1,0,0,1958,2436.0,131.0,360.0,1.0,2,1,4394.0,8.387995252944556
486,LP002545,0,0,2,1,0,3547,0.0,80.0,360.0,0.0,2,0,3547.0,8.173857454773621
487,LP002547,0,1,1,1,0,18333,0.0,500.0,360.0,1.0,1,0,18333.0,9.816457993563025
488,LP002555,0,1,2,1,1,4583,2083.0,160.0,360.0,1.0,0,1,6666.0,8.804775258867686
489,LP002556,0,0,0,1,0,2435,0.0,75.0,360.0,1.0,1,0,2435.0,7.79770203551669
490,LP002560,0,0,0,0,0,2699,2785.0,96.0,360.0,1.0,0,1,5484.0,8.609590040682205
491,LP002562,0,1,1,0,0,5333,1131.0,186.0,360.0,1.0,1,1,6464.0,8.774003600200931
492,LP002571,0,0,0,0,0,3691,0.0,110.0,360.0,1.0,2,1,3691.0,8.213652703029998
493,LP002582,1,0,0,0,1,17263,0.0,225.0,360.0,1.0,0,1,17263.0,9.756320761816548
494,LP002585,0,1,0,1,0,3597,2157.0,119.0,360.0,0.0,2,0,5754.0,8.657650544111494
495,LP002586,1,1,1,1,0,3326,913.0,105.0,84.0,1.0,0,1,4239.0,8.352082671352637
496,LP002587,0,1,0,0,0,2600,1700.0,107.0,360.0,1.0,2,1,4300.0,8.366370301681654
497,LP002588,0,1,0,1,0,4625,2857.0,111.0,12.0,1.0,1,1,7482.0,8.920255414908091
498,LP002600,0,1,1,1,1,2895,0.0,95.0,360.0,1.0,0,1,2895.0,7.970740390007095
499,LP002602,0,0,0,1,0,6283,4416.0,209.0,360.0,0.0,2,0,10699.0,9.277905558138606
500,LP002603,1,0,0,1,0,645,3683.0,113.0,480.0,1.0,2,1,4328.0,8.372860820526318
501,LP002606,1,0,0,1,0,3159,0.0,100.0,360.0,1.0,0,1,3159.0,8.058010800802085
502,LP002615,0,1,2,1,0,4865,5624.0,208.0,360.0,1.0,0,1,10489.0,9.258082367961604
503,LP002618,0,1,1,0,0,4050,5302.0,138.0,360.0,1.0,2,0,9352.0,9.143345503151904
504,LP002619,0,1,0,0,0,3814,1483.0,124.0,300.0,1.0,0,1,5297.0,8.574895901544526
505,LP002622,0,1,2,1,0,3510,4416.0,243.0,360.0,1.0,2,1,7926.0,8.97790377375038
506,LP002624,0,1,0,1,0,20833,6667.0,480.0,360.0,1.0,1,1,27500.0,10.221941283654663
507,LP002625,0,0,0,1,0,3583,0.0,96.0,360.0,1.0,1,0,3583.0,8.183955717304954
508,LP002626,0,1,0,1,1,2479,3013.0,188.0,360.0,1.0,1,1,5492.0,8.61104776688786
509,LP002634,1,0,1,1,0,13262,0.0,40.0,360.0,1.0,1,1,13262.0,9.492658081928813
510,LP002637,0,0,0,0,0,3598,1287.0,100.0,360.0,1.0,2,0,4885.0,8.493924564476883
511,LP002640,0,1,1,1,0,6065,2004.0,250.0,360.0,1.0,0,1,8069.0,8.995784837848506
512,LP002643,0,1,2,1,0,3283,2035.0,148.0,360.0,1.0,1,1,5318.0,8.578852571802965
513,LP002648,0,1,0,1,0,2130,6666.0,70.0,180.0,1.0,0,0,8796.0,9.082052351674651
514,LP002652,0,0,0,1,0,5815,3666.0,311.0,360.0,1.0,2,0,9481.0,9.15704507491796
515,LP002659,0,1,3,1,0,3466,3428.0,150.0,360.0,1.0,2,1,6894.0,8.83840674707681
516,LP002670,1,1,2,1,0,2031,1632.0,113.0,480.0,1.0,0,1,3663.0,8.206037762778815
517,LP002682,0,1,0,0,0,3074,1800.0,123.0,360.0,0.0,0,0,4874.0,8.491670234185152
518,LP002683,0,0,0,1,0,4683,1915.0,185.0,360.0,1.0,0,0,6598.0,8.794521851788527
519,LP002684,1,0,0,0,0,3400,0.0,95.0,360.0,1.0,2,0,3400.0,8.131530710604252
520,LP002689,0,1,2,0,0,2192,1742.0,45.0,360.0,1.0,0,1,3934.0,8.277411998949004
521,LP002690,0,0,0,1,0,2500,0.0,55.0,360.0,1.0,0,1,2500.0,7.824046010856292
522,LP002692,0,1,3,1,1,5677,1424.0,100.0,360.0,1.0,2,1,7101.0,8.867990898182093
523,LP002693,0,1,2,1,1,7948,7166.0,480.0,360.0,1.0,2,1,15114.0,9.623376745580666
524,LP002697,0,0,0,1,0,4680,2087.0,146.41216216216216,360.0,1.0,0,0,6767.0,8.819813136232225
525,LP002699,0,1,2,1,1,17500,0.0,400.0,360.0,1.0,2,1,17500.0,9.769956159911606
526,LP002705,0,1,0,1,0,3775,0.0,110.0,360.0,1.0,0,1,3775.0,8.236155661683124
527,LP002706,0,1,1,0,0,5285,1430.0,161.0,360.0,0.0,0,1,6715.0,8.812099108957337
528,LP002714,0,0,1,0,0,2679,1302.0,94.0,360.0,1.0,0,1,3981.0,8.289288323000317
529,LP002716,0,0,0,0,0,6783,0.0,130.0,360.0,1.0,0,1,6783.0,8.82217476094608
530,LP002717,0,1,0,1,0,1025,5500.0,216.0,360.0,1.0,2,1,6525.0,8.783396232190894
531,LP002720,0,1,3,1,0,4281,0.0,100.0,360.0,1.0,1,1,4281.0,8.361941906144946
532,LP002723,0,0,2,1,0,3588,0.0,110.0,360.0,0.0,2,0,3588.0,8.185350223178686
533,LP002729,0,0,1,1,0,11250,0.0,196.0,360.0,1.0,0,0,11250.0,9.328123407632566
534,LP002731,1,0,0,0,1,18165,0.0,125.0,360.0,1.0,1,1,18165.0,9.807251944655302
535,LP002732,0,0,0,0,0,2550,2042.0,126.0,360.0,1.0,2,1,4592.0,8.432070937999402
536,LP002734,0,1,0,1,0,6133,3906.0,324.0,360.0,1.0,1,1,10039.0,9.214232786691527
537,LP002738,0,0,2,1,0,3617,0.0,107.0,360.0,1.0,0,1,3617.0,8.193400231952097
538,LP002739,0,1,0,0,0,2917,536.0,66.0,360.0,1.0,2,0,3453.0,8.146998697389993
539,LP002740,0,1,3,1,0,6417,0.0,157.0,180.0,1.0,2,1,6417.0,8.766705997750515
540,LP002741,1,1,1,1,0,4608,2845.0,140.0,180.0,1.0,0,1,7453.0,8.916371914881694
541,LP002743,1,0,0,1,0,2138,0.0,99.0,360.0,0.0,0,0,2138.0,7.6676260915849905
542,LP002753,1,0,1,1,0,3652,0.0,95.0,360.0,1.0,0,1,3652.0,8.20303024171486
543,LP002755,0,1,1,0,0,2239,2524.0,128.0,360.0,1.0,1,1,4763.0,8.46863300080086
544,LP002757,1,1,0,0,0,3017,663.0,102.0,360.0,1.0,0,1,3680.0,8.210668031162976
545,LP002767,0,1,0,1,0,2768,1950.0,155.0,360.0,1.0,2,1,4718.0,8.45914025996762
546,LP002768,0,0,0,0,0,3358,0.0,80.0,36.0,1.0,0,0,3358.0,8.119100837637486
547,LP002772,0,0,0,1,0,2526,1783.0,145.0,360.0,1.0,2,1,4309.0,8.368461137615839
548,LP002776,1,0,0,1,0,5000,0.0,103.0,360.0,0.0,0,0,5000.0,8.517193191416238
549,LP002777,0,1,0,1,0,2785,2016.0,110.0,360.0,1.0,2,1,4801.0,8.476579508530941
550,LP002778,0,1,2,1,1,6633,0.0,146.41216216216216,360.0,0.0,2,0,6633.0,8.799812469525556
551,LP002784,0,1,1,0,0,2492,2375.0,146.41216216216216,360.0,1.0,2,1,4867.0,8.490233009833455
552,LP002785,0,1,1,1,0,3333,3250.0,158.0,360.0,1.0,1,1,6583.0,8.792245847467877
553,LP002788,0,1,0,0,0,2454,2333.0,181.0,360.0,0.0,1,0,4787.0,8.473659189392508
554,LP002789,0,1,0,1,0,3593,4266.0,132.0,180.0,0.0,2,0,7859.0,8.969414650866176
555,LP002792,0,1,1,1,0,5468,1032.0,26.0,360.0,1.0,0,1,6500.0,8.779557455883728
556,LP002794,1,0,0,1,0,2667,1625.0,84.0,360.0,1.0,1,1,4292.0,8.36450810375059
557,LP002795,0,1,3,1,1,10139,0.0,260.0,360.0,1.0,0,1,10139.0,9.22414465295258
558,LP002798,0,1,0,1,0,3887,2669.0,162.0,360.0,1.0,0,1,6556.0,8.78813593986372
559,LP002804,1,1,0,1,0,4180,2306.0,182.0,360.0,1.0,0,1,6486.0,8.777401286867264
560,LP002807,0,1,2,0,0,3675,242.0,108.0,360.0,1.0,0,1,3917.0,8.27308133366583
561,LP002813,1,1,1,1,1,19484,0.0,600.0,360.0,1.0,0,1,19484.0,9.877348894926433
562,LP002820,0,1,0,1,0,5923,2054.0,211.0,360.0,1.0,2,1,7977.0,8.984317679911129
563,LP002821,0,0,0,0,1,5800,0.0,132.0,360.0,1.0,0,1,5800.0,8.66561319653451
564,LP002832,0,1,2,1,0,8799,0.0,258.0,360.0,0.0,1,0,8799.0,9.08239335764556
565,LP002833,0,1,0,0,0,4467,0.0,120.0,360.0,1.0,2,1,4467.0,8.404472321352118
566,LP002836,0,0,0,1,0,3333,0.0,70.0,360.0,1.0,1,1,3333.0,8.11162807830774
567,LP002837,0,1,3,1,0,3400,2500.0,123.0,360.0,0.0,2,0,5900.0,8.68270762989381
568,LP002840,1,0,0,1,0,2378,0.0,9.0,360.0,1.0,1,0,2378.0,7.774015077250727
569,LP002841,0,1,0,1,0,3166,2064.0,104.0,360.0,0.0,1,0,5230.0,8.56216655705897
570,LP002842,0,1,1,1,0,3417,1750.0,186.0,360.0,1.0,1,1,5167.0,8.550047528287184
571,LP002847,0,1,0,1,0,5116,1451.0,165.0,360.0,0.0,1,0,6567.0,8.789812386190972
572,LP002855,0,1,2,1,0,16666,0.0,275.0,360.0,1.0,1,1,16666.0,9.721125994942152
573,LP002862,0,1,2,0,0,6125,1625.0,187.0,480.0,1.0,0,0,7750.0,8.955448122347393
574,LP002863,0,1,3,1,0,6406,0.0,150.0,360.0,1.0,0,0,6406.0,8.764990330169104
575,LP002868,0,1,2,1,0,3159,461.0,108.0,84.0,1.0,1,1,3620.0,8.194229304819817
576,LP002872,0,1,0,1,0,3087,2210.0,136.0,360.0,0.0,0,0,5297.0,8.574895901544526
577,LP002874,0,0,0,1,0,3229,2739.0,110.0,360.0,1.0,1,1,5968.0,8.694167141883597
578,LP002877,0,1,1,1,0,1782,2232.0,107.0,360.0,1.0,2,1,4014.0,8.297543529356284
579,LP002888,0,0,0,1,0,3182,2917.0,161.0,360.0,1.0,1,1,6099.0,8.715880102296456
580,LP002892,0,1,2,1,0,6540,0.0,205.0,360.0,1.0,0,1,6540.0,8.785692444451245
581,LP002893,0,0,0,1,0,1836,33837.0,90.0,360.0,1.0,1,0,35673.0,10.482149379105689
582,LP002894,1,1,0,1,0,3166,0.0,36.0,360.0,1.0,0,1,3166.0,8.060224240440958
583,LP002898,0,1,1,1,0,1880,0.0,61.0,360.0,1.0,2,0,1880.0,7.539027055823995
584,LP002911,0,1,1,1,0,2787,1917.0,146.0,360.0,0.0,2,0,4704.0,8.456168489578463
585,LP002912,0,1,1,1,0,4283,3000.0,172.0,84.0,1.0,2,0,7283.0,8.893298144217916
586,LP002916,0,1,0,1,0,2297,1522.0,104.0,360.0,1.0,1,1,3819.0,8.247743887225516
587,LP002917,1,0,0,0,0,2165,0.0,70.0,360.0,1.0,0,1,2165.0,7.68017564043659
588,LP002925,0,0,0,1,0,4750,0.0,94.0,360.0,1.0,0,1,4750.0,8.465899897028686
589,LP002926,0,1,2,1,1,2726,0.0,106.0,360.0,0.0,0,0,2726.0,7.9105906122564775
590,LP002928,0,1,0,1,0,3000,3416.0,56.0,180.0,1.0,0,1,6416.0,8.766550149546351
591,LP002931,0,1,2,1,1,6000,0.0,205.0,240.0,1.0,0,0,6000.0,8.699514748210191
592,LP002933,0,0,3,1,1,9357,0.0,292.0,360.0,1.0,0,1,9357.0,9.143880005275912
593,LP002936,0,1,0,1,0,3859,3300.0,142.0,180.0,1.0,2,1,7159.0,8.876125585396185
594,LP002938,0,1,0,1,1,16120,0.0,260.0,360.0,1.0,1,1,16120.0,9.68781601606062
595,LP002940,0,0,0,0,0,3833,0.0,110.0,360.0,1.0,2,1,3833.0,8.251403065380556
596,LP002941,0,1,2,0,1,6383,1000.0,187.0,360.0,1.0,2,0,7383.0,8.906935339059165
597,LP002943,0,0,0,1,0,2987,0.0,88.0,360.0,0.0,0,0,2987.0,8.00202481821611
598,LP002945,0,1,0,1,1,9963,0.0,180.0,360.0,1.0,2,1,9963.0,9.206633510044856
599,LP002948,0,1,2,1,0,5780,0.0,192.0,360.0,1.0,1,1,5780.0,8.662158961666423
600,LP002949,1,0,3,1,0,416,41667.0,350.0,180.0,1.0,1,0,42083.0,10.647399137646048
601,LP002950,0,1,0,0,0,2894,2792.0,155.0,360.0,1.0,2,1,5686.0,8.645762292210945
602,LP002953,0,1,3,1,0,5703,0.0,128.0,360.0,1.0,1,1,5703.0,8.648747631156539
603,LP002958,0,0,0,1,0,3676,4301.0,172.0,360.0,1.0,2,1,7977.0,8.984317679911129
604,LP002959,1,1,1,1,0,12000,0.0,496.0,360.0,1.0,0,1,12000.0,9.392661928770137
605,LP002960,0,1,0,0,0,2400,3800.0,146.41216216216216,180.0,1.0,1,0,6200.0,8.732304571033183
606,LP002961,0,1,1,1,0,3400,2500.0,173.0,360.0,1.0,0,1,5900.0,8.68270762989381
607,LP002964,0,1,2,0,0,3987,1411.0,157.0,360.0,1.0,2,1,5398.0,8.59378379357795
608,LP002974,0,1,0,1,0,3232,1950.0,108.0,360.0,1.0,2,1,5182.0,8.552946361122055
609,LP002978,1,0,0,1,0,2900,0.0,71.0,360.0,1.0,2,1,2900.0,7.9724660159745655
610,LP002979,0,1,3,1,0,4106,0.0,40.0,180.0,1.0,2,1,4106.0,8.32020459757888
611,LP002983,0,1,1,1,0,8072,240.0,253.0,360.0,1.0,1,1,8312.0,9.025455532779063
612,LP002984,0,1,2,1,0,7583,0.0,187.0,360.0,1.0,1,1,7583.0,8.933664178700935
613,LP002990,1,0,0,1,1,4583,0.0,133.0,360.0,0.0,0,0,4583.0,8.430109084509125
